Workbook

Sheet Employee Directory
A1: EMPLOYEE RECORDS — HUMAN RESOURCES
A2: Last Updated: March 17, 2026 | Confidential — HR Use Only
A3: Emp ID | B3: Full Name | C3: Department | D3: Job Title | E3: Email | F3: Phone | G3: Location | H3: Start Date | I3: Employment Type | J3: Status | K3: Years of Service
A4: EMP-001 | B4: Alexandra Chen | C4: Engineering | D4: Senior Software Engineer | E4: a.chen@company.com | F4: (555) 201-1001 | G4: New York | H4: 2019-03-15 | I4: Full-Time | J4: Active | K4: =ROUND((TODAY()-DATEVALUE(H4))/365.25,1) -> 7
A5: EMP-002 | B5: Marcus Johnson | C5: Marketing | D5: Marketing Manager | E5: m.johnson@company.com | F5: (555) 201-1002 | G5: Chicago | H5: 2020-07-01 | I5: Full-Time | J5: Active | K5: =ROUND((TODAY()-DATEVALUE(H5))/365.25,1) -> 5.7
A6: EMP-003 | B6: Sofia Ramirez | C6: Human Resources | D6: HR Generalist | E6: s.ramirez@company.com | F6: (555) 201-1003 | G6: Los Angeles | H6: 2021-01-20 | I6: Full-Time | J6: Active | K6: =ROUND((TODAY()-DATEVALUE(H6))/365.25,1) -> 5.2
A7: EMP-004 | B7: David Park | C7: Finance | D7: Financial Analyst | E7: d.park@company.com | F7: (555) 201-1004 | G7: New York | H7: 2018-05-10 | I7: Full-Time | J7: Active | K7: =ROUND((TODAY()-DATEVALUE(H7))/365.25,1) -> 7.9
A8: EMP-005 | B8: Priya Patel | C8: Engineering | D8: DevOps Engineer | E8: p.patel@company.com | F8: (555) 201-1005 | G8: Remote | H8: 2022-03-01 | I8: Full-Time | J8: Active | K8: =ROUND((TODAY()-DATEVALUE(H8))/365.25,1) -> 4
A9: EMP-006 | B9: James O'Brien | C9: Sales | D9: Account Executive | E9: j.obrien@company.com | F9: (555) 201-1006 | G9: Boston | H9: 2017-09-12 | I9: Full-Time | J9: Inactive | K9: =ROUND((TODAY()-DATEVALUE(H9))/365.25,1) -> 8.5
A10: EMP-007 | B10: Mei Lin | C10: Engineering | D10: Frontend Developer | E10: m.lin@company.com | F10: (555) 201-1007 | G10: San Francisco | H10: 2023-06-15 | I10: Full-Time | J10: Active | K10: =ROUND((TODAY()-DATEVALUE(H10))/365.25,1) -> 2.8
A11: EMP-008 | B11: Carlos Vega | C11: Operations | D11: Operations Coordinator | E11: c.vega@company.com | F11: (555) 201-1008 | G11: Miami | H11: 2020-11-03 | I11: Part-Time | J11: Active | K11: =ROUND((TODAY()-DATEVALUE(H11))/365.25,1) -> 5.4
A12: EMP-009 | B12: Rachel Thompson | C12: Marketing | D12: Content Strategist | E12: r.thompson@company.com | F12: (555) 201-1009 | G12: Chicago | H12: 2021-08-22 | I12: Full-Time | J12: On Leave | K12: =ROUND((TODAY()-DATEVALUE(H12))/365.25,1) -> 4.6
A13: EMP-010 | B13: Kevin Wu | C13: Finance | D13: Senior Accountant | E13: k.wu@company.com | F13: (555) 201-1010 | G13: New York | H13: 2016-02-14 | I13: Full-Time | J13: Active | K13: =ROUND((TODAY()-DATEVALUE(H13))/365.25,1) -> 10.1
A14: EMP-011 | B14: Amara Osei | C14: Legal | D14: Legal Counsel | E14: a.osei@company.com | F14: (555) 201-1011 | G14: Washington DC | H14: 2019-10-07 | I14: Full-Time | J14: Active | K14: =ROUND((TODAY()-DATEVALUE(H14))/365.25,1) -> 6.4
A15: EMP-012 | B15: Tom Erikson | C15: Sales | D15: Sales Director | E15: t.erikson@company.com | F15: (555) 201-1012 | G15: Boston | H15: 2015-04-20 | I15: Full-Time | J15: Active | K15: =ROUND((TODAY()-DATEVALUE(H15))/365.25,1) -> 10.9
... A23: EMP-020 | B23: Grace Okafor | C23: Sales | D23: Regional Sales Manager | E23: g.okafor@company.com | F23: (555) 201-1020 | G23: Atlanta | H23: 2017-07-30 | I23: Full-Time | J23: Active | K23: =ROUND((TODAY()-DATEVALUE(H23))/365.25,1) -> 8.6

Sheet Department Summary
A1: Department Headcount & Status Summary
A2: Department | B2: Total Employees | C2: Active | D2: Inactive | E2: On Leave | F2: Full-Time | G2: Part-Time / Contract
A3: Engineering | B3: =COUNTIF('Employee Directory'!C:C,A3) -> 6 | C3: =COUNTIFS('Employee Directory'!C:C,A3,'Employee Directory'!J:J,"Active") -> 6 | D3: =COUNTIFS('Employee Directory'!C:C,A3,'Employee Directory'!J:J,"Inactive") -> 0 | E3: =COUNTIFS('Employee Directory'!C:C,A3,'Employee Directory'!J:J,"On Leave") -> 0 | F3: =COUNTIFS('Employee Directory'!C:C,A3,'Employee Directory'!I:I,"Full-Time") -> 5 | G3: =COUNTIFS('Employee Directory'!C:C,A3,'Employee Directory'!I:I,"Part-Time")+COUNTIFS('Employee Directory'!C:C,A3,'Employee Directory'!I:I,"Contract") -> 1
A4: Finance | B4: =COUNTIF('Employee Directory'!C:C,A4) -> 3 | C4: =COUNTIFS('Employee Directory'!C:C,A4,'Employee Directory'!J:J,"Active") -> 3 | D4: =COUNTIFS('Employee Directory'!C:C,A4,'Employee Directory'!J:J,"Inactive") -> 0 | E4: =COUNTIFS('Employee Directory'!C:C,A4,'Employee Directory'!J:J,"On Leave") -> 0 | F4: =COUNTIFS('Employee Directory'!C:C,A4,'Employee Directory'!I:I,"Full-Time") -> 3 | G4: =COUNTIFS('Employee Directory'!C:C,A4,'Employee Directory'!I:I,"Part-Time")+COUNTIFS('Employee Directory'!C:C,A4,'Employee Directory'!I:I,"Contract") -> 0
A5: Human Resources | B5: =COUNTIF('Employee Directory'!C:C,A5) -> 2 | C5: =COUNTIFS('Employee Directory'!C:C,A5,'Employee Directory'!J:J,"Active") -> 1 | D5: =COUNTIFS('Employee Directory'!C:C,A5,'Employee Directory'!J:J,"Inactive") -> 1 | E5: =COUNTIFS('Employee Directory'!C:C,A5,'Employee Directory'!J:J,"On Leave") -> 0 | F5: =COUNTIFS('Employee Directory'!C:C,A5,'Employee Directory'!I:I,"Full-Time") -> 2 | G5: =COUNTIFS('Employee Directory'!C:C,A5,'Employee Directory'!I:I,"Part-Time")+COUNTIFS('Employee Directory'!C:C,A5,'Employee Directory'!I:I,"Contract") -> 0
A6: Legal | B6: =COUNTIF('Employee Directory'!C:C,A6) -> 1 | C6: =COUNTIFS('Employee Directory'!C:C,A6,'Employee Directory'!J:J,"Active") -> 1 | D6: =COUNTIFS('Employee Directory'!C:C,A6,'Employee Directory'!J:J,"Inactive") -> 0 | E6: =COUNTIFS('Employee Directory'!C:C,A6,'Employee Directory'!J:J,"On Leave") -> 0 | F6: =COUNTIFS('Employee Directory'!C:C,A6,'Employee Directory'!I:I,"Full-Time") -> 1 | G6: =COUNTIFS('Employee Directory'!C:C,A6,'Employee Directory'!I:I,"Part-Time")+COUNTIFS('Employee Directory'!C:C,A6,'Employee Directory'!I:I,"Contract") -> 0
A7: Marketing | B7: =COUNTIF('Employee Directory'!C:C,A7) -> 3 | C7: =COUNTIFS('Employee Directory'!C:C,A7,'Employee Directory'!J:J,"Active") -> 1 | D7: =COUNTIFS('Employee Directory'!C:C,A7,'Employee Directory'!J:J,"Inactive") -> 0 | E7: =COUNTIFS('Employee Directory'!C:C,A7,'Employee Directory'!J:J,"On Leave") -> 2 | F7: =COUNTIFS('Employee Directory'!C:C,A7,'Employee Directory'!I:I,"Full-Time") -> 2 | G7: =COUNTIFS('Employee Directory'!C:C,A7,'Employee Directory'!I:I,"Part-Time")+COUNTIFS('Employee Directory'!C:C,A7,'Employee Directory'!I:I,"Contract") -> 1
A8: Operations | B8: =COUNTIF('Employee Directory'!C:C,A8) -> 2 | C8: =COUNTIFS('Employee Directory'!C:C,A8,'Employee Directory'!J:J,"Active") -> 2 | D8: =COUNTIFS('Employee Directory'!C:C,A8,'Employee Directory'!J:J,"Inactive") -> 0 | E8: =COUNTIFS('Employee Directory'!C:C,A8,'Employee Directory'!J:J,"On Leave") -> 0 | F8: =COUNTIFS('Employee Directory'!C:C,A8,'Employee Directory'!I:I,"Full-Time") -> 1 | G8: =COUNTIFS('Employee Directory'!C:C,A8,'Employee Directory'!I:I,"Part-Time")+COUNTIFS('Employee Directory'!C:C,A8,'Employee Directory'!I:I,"Contract") -> 1
A9: Sales | B9: =COUNTIF('Employee Directory'!C:C,A9) -> 3 | C9: =COUNTIFS('Employee Directory'!C:C,A9,'Employee Directory'!J:J,"Active") -> 2 | D9: =COUNTIFS('Employee Directory'!C:C,A9,'Employee Directory'!J:J,"Inactive") -> 1 | E9: =COUNTIFS('Employee Directory'!C:C,A9,'Employee Directory'!J:J,"On Leave") -> 0 | F9: =COUNTIFS('Employee Directory'!C:C,A9,'Employee Directory'!I:I,"Full-Time") -> 3 | G9: =COUNTIFS('Employee Directory'!C:C,A9,'Employee Directory'!I:I,"Part-Time")+COUNTIFS('Employee Directory'!C:C,A9,'Employee Directory'!I:I,"Contract") -> 0
A10: TOTAL | B10: =SUM(B3:B9) -> 20 | C10: =SUM(C3:C9) -> 16 | D10: =SUM(D3:D9) -> 2 | E10: =SUM(E3:E9) -> 2 | F10: =SUM(F3:F9) -> 17 | G10: =SUM(G3:G9) -> 3

Sheet Legend & Guide
A1: Legend & User Guide
A2: STATUS COLOURS
A3: 🟢 Active | B3: Employee is currently working
A4: 🔴 Inactive | B4: Employee has left the organisation
A5: 🟡 On Leave | B5: Employee is on approved leave
A7: TIPS
A8: Sort / Filter | B8: Click any header arrow in 'Employee Directory'
A9: Search | B9: Use Ctrl+F to find any record
A10: Add Employees | B10: Append rows below row 23; table expands automatically
A11: Refresh Totals | B11: Summary sheet updates automatically via formulas
