Workbook

Sheet 📋 CENSUS DATABASE
A1: PSA POPULATION CENSUS DATABASE 2025 — Records Management System
A2: Philippine Statistics Authority · Encoded by: Estela Solano, Data Encoder · As of March 2025 · DO NOT SHARE — For Internal Use Only
A3: Record ID | B3: Household ID | C3: First Name | D3: Last Name | E3: Age | F3: Sex | G3: Civil Status | H3: Education | I3: Employment | J3: Rel. to Head | K3: Region | L3: Province | M3: Municipality | N3: Barangay | O3: Residence Type | P3: Housing Type | Q3: Date Encoded | R3: Encoder | S3: Record Status
A4: PSA-2025-0001 | B4: HH-0004 | C4: Juan | D4: Fernandez | E4: 35 | F4: Male | G4: Annulled | H4: High School | I4: Retired | J4: Head | K4: Region IV-A - CALABARZON | L4: Marikina | M4: Poblacion | N4: Brgy 048 | O4: Rural | P4: Single-Family House | Q4: 2025-01-03 | R4: R. Reyes | S4: Verified
A5: PSA-2025-0002 | B5: HH-0019 | C5: Noel | D5: Torres | E5: 83 | F5: Male | G5: Widowed | H5: Special Education | I5: Not in Labor Force | J5: Head | K5: NCR - National Capital Region | L5: Bulacan | M5: Barangay 1 | N5: Brgy 029 | O5: Urban | P5: Duplex | Q5: 2025-03-14 | R5: A. Cruz | S5: Verified
A6: PSA-2025-0003 | B6: HH-0020 | C6: Manuel | D6: Bautista | E6: 11 | F6: Male | G6: Single | H6: Elementary | I6: Not in Labor Force | J6: Head | K6: Region VI - Western Visayas | L6: Quezon City | M6: Central | N6: Brgy 023 | O6: Rural | P6: Single-Family House | Q6: 2025-03-15 | R6: L. Ocampo | S6: Verified
A7: PSA-2025-0004 | B7: HH-0003 | C7: Lucia | D7: Lim | E7: 37 | F7: Female | G7: Single | H7: Post Graduate | I7: Unemployed | J7: Head | K7: Region V - Bicol Region | L7: Pampanga | M7: Barangay 1 | N7: Brgy 046 | O7: Rural | P7: Single-Family House | Q7: 2025-01-28 | R7: M. Santos | S7: Verified
A8: PSA-2025-0005 | B8: HH-0030 | C8: Rosario | D8: Garcia | E8: 47 | F8: Female | G8: Single | H8: College Graduate | I8: Unable to Work | J8: Head | K8: Region V - Bicol Region | L8: Marikina | M8: Barangay Proper | N8: Brgy 045 | O8: Urban | P8: Condominium/Apartment | Q8: 2025-03-08 | R8: R. Reyes | S8: Verified
A9: PSA-2025-0006 | B9: HH-0013 | C9: Jennifer | D9: Ramos | E9: 41 | F9: Female | G9: Widowed | H9: High School | I9: Unemployed | J9: Head | K9: Region I - Ilocos Region | L9: Marikina | M9: District 1 | N9: Brgy 021 | O9: Rural | P9: Duplex | Q9: 2025-03-16 | R9: C. Bautista | S9: Duplicate
A10: PSA-2025-0007 | B10: HH-0009 | C10: Rosa | D10: Aquino | E10: 17 | F10: Female | G10: Single | H10: Senior High School | I10: Retired | J10: Head | K10: Region IV-A - CALABARZON | L10: Pangasinan | M10: South | N10: Brgy 035 | O10: Rural | P10: Multi-Unit Residential | Q10: 2025-01-05 | R10: L. Ocampo | S10: Verified
A11: PSA-2025-0008 | B11: HH-0003 | C11: Carlo | D11: Ocampo | E11: 80 | F11: Male | G11: Legally Separated | H11: College Graduate | I11: Student | J11: Sibling | K11: Region III - Central Luzon | L11: Cebu | M11: East | N11: Brgy 039 | O11: Rural | P11: Condominium/Apartment | Q11: 2025-01-22 | R11: M. Santos | S11: Verified
A12: PSA-2025-0009 | B12: HH-0024 | C12: Marilou | D12: Bautista | E12: 37 | F12: Female | G12: Widowed | H12: College Graduate | I12: Not in Labor Force | J12: Head | K12: Region VI - Western Visayas | L12: Caloocan | M12: West | N12: Brgy 001 | O12: Urban | P12: Condominium/Apartment | Q12: 2025-01-28 | R12: A. Cruz | S12: For Review
A13: PSA-2025-0010 | B13: HH-0020 | C13: Ramon | D13: Villanueva | E13: 20 | F13: Male | G13: Legally Separated | H13: High School | I13: Employed | J13: Parent | K13: NCR - National Capital Region | L13: Cebu | M13: South | N13: Brgy 001 | O13: Rural | P13: Multi-Unit Residential | Q13: 2025-01-02 | R13: R. Reyes | S13: Duplicate
A14: PSA-2025-0011 | B14: HH-0005 | C14: Miguel | D14: Fernandez | E14: 62 | F14: Male | G14: Married | H14: Post Graduate | I14: Student | J14: Head | K14: Region II - Cagayan Valley | L14: Cebu | M14: South | N14: Brgy 050 | O14: Urban | P14: Multi-Unit Residential | Q14: 2025-03-28 | R14: L. Ocampo | S14: Verified
A15: PSA-2025-0012 | B15: HH-0029 | C15: Noel | D15: Sy | E15: 25 | F15: Male | G15: Annulled | H15: College Undergraduate | I15: Employed | J15: Head | K15: Region IV-B - MIMAROPA | L15: Bulacan | M15: Central | N15: Brgy 029 | O15: Urban | P15: Duplex | Q15: 2025-01-11 | R15: M. Santos | S15: Verified
... A53: PSA-2025-0050 | B53: HH-0027 | C53: Marilou | D53: Garcia | E53: 6 | F53: Female | G53: Single | H53: Elementary | I53: Not in Labor Force | J53: Head | K53: Region IV-B - MIMAROPA | L53: Davao del Sur | M53: West | N53: Brgy 008 | O53: Urban | P53: Makeshift/Informal | Q53: 2025-02-03 | R53: L. Ocampo | S53: Verified

Sheet 🔒 VALIDATION LISTS
A1: DATA VALIDATION REFERENCE LISTS — Do Not Edit
A2: Region | B2: Sex | C2: Civil Status | D2: Education | E2: Employment | F2: Rel. to Head | G2: Residence Type | H2: Housing Type | I2: Record Status
A3: Region I - Ilocos Region | B3: Male | C3: Single | D3: No Grade Completed | E3: Employed | F3: Head | G3: Urban | H3: Single-Family House | I3: Verified
A4: Region II - Cagayan Valley | B4: Female | C4: Married | D4: Elementary | E4: Unemployed | F4: Spouse | G4: Rural | H4: Duplex | I4: For Review
A5: Region III - Central Luzon | C5: Widowed | D5: High School | E5: Self-Employed | F5: Child | H5: Multi-Unit Residential | I5: Duplicate
A6: Region IV-A - CALABARZON | C6: Legally Separated | D6: Senior High School | E6: Student | F6: Parent | H6: Makeshift/Informal | I6: Incomplete
A7: Region IV-B - MIMAROPA | C7: Annulled | D7: Vocational/Technical | E7: Retired | F7: Sibling | H7: Condominium/Apartment
A8: Region V - Bicol Region | D8: College Undergraduate | E8: Unable to Work | F8: Grandchild | H8: Other
A9: Region VI - Western Visayas | D9: College Graduate | E9: Not in Labor Force | F9: Other Relative
A10: Region VII - Central Visayas | D10: Post Graduate | F10: Non-Relative
A11: Region VIII - Eastern Visayas | D11: Special Education
A12: Region IX - Zamboanga Peninsula
A13: Region X - Northern Mindanao
A14: Region XI - Davao Region
A15: Region XII - SOCCSKSARGEN
A16: Region XIII - Caraga
A17: NCR - National Capital Region
A18: CAR - Cordillera Administrative Region
A19: BARMM - Bangsamoro Autonomous Region

Sheet 📊 SUMMARY DASHBOARD
A1: 📊 PSA CENSUS DATABASE — SUMMARY DASHBOARD
A2: Auto-calculated from the CENSUS DATABASE sheet · Last Updated: March 2025
A4: 👥 TOTAL RECORDS | D4: ✅ VERIFIED | G4: ⚠️ FOR REVIEW | J4: ❌ INCOMPLETE/DUPLICATE
A6: =COUNTA('📋 CENSUS DATABASE'!A4:A53) -> 50 | D6: =COUNTIF('📋 CENSUS DATABASE'!S4:S53,"Verified") -> 34 | G6: =COUNTIF('📋 CENSUS DATABASE'!S4:S53,"For Review") -> 5 | J6: =COUNTIF('📋 CENSUS DATABASE'!S4:S53,"Incomplete")+COUNTIF('📋 CENSUS DATABASE'!S4:S53,"Duplicate") -> 11
A9: SEX BREAKDOWN | K9: Status Count (for chart)
A10: Male | B10: =COUNTIF('📋 CENSUS DATABASE'!F4:F53,"Male") -> 28 | C10: =B10/D4 -> #VALUE! | K10: Verified | L10: =COUNTIF('📋 CENSUS DATABASE'!S4:S53,"Verified") -> 34
A11: Female | B11: =COUNTIF('📋 CENSUS DATABASE'!F4:F53,"Female") -> 22 | C11: =B11/D4 -> #VALUE! | K11: For Review | L11: =COUNTIF('📋 CENSUS DATABASE'!S4:S53,"For Review") -> 5
K12: Duplicate | L12: =COUNTIF('📋 CENSUS DATABASE'!S4:S53,"Duplicate") -> 7
A13: AGE GROUP BREAKDOWN | K13: Incomplete | L13: =COUNTIF('📋 CENSUS DATABASE'!S4:S53,"Incomplete") -> 4
A14: 0–14 (Children) | B14: =COUNTIFS('📋 CENSUS DATABASE'!E4:E53,">="&0,'📋 CENSUS DATABASE'!E4:E53,"<="&14) -> 9 | C14: =B14/D4 -> #VALUE!
A15: 15–24 (Youth) | B15: =COUNTIFS('📋 CENSUS DATABASE'!E4:E53,">="&15,'📋 CENSUS DATABASE'!E4:E53,"<="&24) -> 5 | C15: =B15/D4 -> #VALUE!
A16: 25–59 (Working Age) | B16: =COUNTIFS('📋 CENSUS DATABASE'!E4:E53,">="&25,'📋 CENSUS DATABASE'!E4:E53,"<="&59) -> 18 | C16: =B16/D4 -> #VALUE!
A17: 60+ (Senior) | B17: =COUNTIFS('📋 CENSUS DATABASE'!E4:E53,">="&60,'📋 CENSUS DATABASE'!E4:E53,"<="&120) -> 18 | C17: =B17/D4 -> #VALUE!
A19: EMPLOYMENT STATUS
A20: Employed | B20: =COUNTIF('📋 CENSUS DATABASE'!I4:I53,"Employed") -> 5 | C20: =B20/D4 -> #VALUE!
A21: Unemployed | B21: =COUNTIF('📋 CENSUS DATABASE'!I4:I53,"Unemployed") -> 5 | C21: =B21/D4 -> #VALUE!
A22: Self-Employed | B22: =COUNTIF('📋 CENSUS DATABASE'!I4:I53,"Self-Employed") -> 5 | C22: =B22/D4 -> #VALUE!
A23: Student | B23: =COUNTIF('📋 CENSUS DATABASE'!I4:I53,"Student") -> 5 | C23: =B23/D4 -> #VALUE!
A24: Retired | B24: =COUNTIF('📋 CENSUS DATABASE'!I4:I53,"Retired") -> 9 | C24: =B24/D4 -> #VALUE!
A25: Not in Labor Force | B25: =COUNTIF('📋 CENSUS DATABASE'!I4:I53,"Not in Labor Force") -> 16 | C25: =B25/D4 -> #VALUE!
A27: RESIDENCE TYPE
A28: Urban | B28: =COUNTIF('📋 CENSUS DATABASE'!O4:O53,"Urban") -> 28 | C28: =B28/D4 -> #VALUE!
A29: Rural | B29: =COUNTIF('📋 CENSUS DATABASE'!O4:O53,"Rural") -> 22 | C29: =B29/D4 -> #VALUE!
A31: STATISTICAL SUMMARY
A32: Average Age | B32: =ROUND(AVERAGE('📋 CENSUS DATABASE'!E4:E53),1) -> 42.7
A33: Youngest | B33: =MIN('📋 CENSUS DATABASE'!E4:E53) -> 0
A34: Oldest | B34: =MAX('📋 CENSUS DATABASE'!E4:E53) -> 84
A35: Total HH IDs | B35: =SUMPRODUCT(1/COUNTIF('📋 CENSUS DATABASE'!B4:B53,'📋 CENSUS DATABASE'!B4:B53)) -> 24
A36: Avg HH Size | B36: =ROUND(COUNTA('📋 CENSUS DATABASE'!A4:A53)/SUMPRODUCT(1/COUNTIF('📋 CENSUS DATABASE'!B4:B53,'📋 CENSUS DATABASE'!B4:B53)),1) -> 2.1

Sheet 📖 ENCODER GUIDE
A1: 📖 DATA ENCODER GUIDE — PSA Census Database 2025
A2: Column | B2: Field Name | C2: Data Type | D2: Allowed Values / Format | E2: Encoding Notes
A3: A | B3: Record ID | C3: Text (Auto) | D3: PSA-2025-XXXX (system-generated) | E3: Do not edit. Auto-assigned upon encoding.
A4: B | B4: Household ID | C4: Text | D4: HH-XXXX (4-digit number) | E4: Group all members of one household under the same ID. E.g., HH-0001.
A5: C | B5: First Name | C5: Text | D5: Proper case. E.g., Maria | E5: Enter given name only. No nicknames.
A6: D | B6: Last Name | C6: Text | D6: Proper case. E.g., Santos | E6: Enter family name. For married women, use maiden or married name per respondent preference.
A7: E | B7: Age | C7: Whole Number | D7: 0 to 120 (validated) | E7: Enter age in years as of last birthday. Infants less than 1 year = 0.
A8: F | B8: Sex | C8: Dropdown | D8: Male / Female | E8: Select from dropdown. Based on biological sex as declared by respondent.
A9: G | B9: Civil Status | C9: Dropdown | D9: Single / Married / Widowed / etc. | E9: For respondents under 15, default to Single unless otherwise stated.
A10: H | B10: Education | C10: Dropdown | D10: See dropdown list | E10: Highest educational attainment completed, not currently enrolled.
A11: I | B11: Employment | C11: Dropdown | D11: See dropdown list | E11: Current employment status at time of interview. Those under 15 = Not in Labor Force.
A12: J | B12: Rel. to Head | C12: Dropdown | D12: Head / Spouse / Child / etc. | E12: One Head per Household ID. All others encoded relative to the Head.
A13: K | B13: Region | C13: Dropdown | D13: See dropdown list (PSA standard) | E13: Use official PSA region names. Do not abbreviate.
... A21: S | B21: Record Status | C21: Dropdown | D21: Verified / For Review / Duplicate / Incomplete | E21: Set to 'For Review' if any field is uncertain. Supervisor sets to 'Verified'.
A24: ⚠️ COMMON ENCODING ERRORS TO AVOID
A25: Error Type | B25: Example | D25: How to Avoid
A26: Mismatched Household IDs | B26: Members of the same household given different HH IDs | D26: Cross-check all members before saving
A27: Age–Civil Status mismatch | B27: Respondent aged 10 encoded as 'Married' | D27: Review Age vs. Civil Status before submitting
A28: Incorrect date format | B28: Encoding '03/15/2025' instead of '2025-03-15' | D28: Always use YYYY-MM-DD format
A29: Wrong relationship encoding | B29: First member of household not encoded as 'Head' | D29: Ensure exactly one Head per Household ID
A30: Leaving Status blank | B30: Record Status left empty after encoding | D30: Set to 'For Review' if unsure; never leave blank
A31: Uppercase/lowercase errors | B31: Names encoded in ALL CAPS or all lowercase | D31: Use Proper Case for all names
